{
  "pools": [
    {
      "rolls": 1,
      "entries": [
        {
          "type": "minecraft:item",
          "name": "minecraft:diamond",
          "functions": [
            {
              "function": "minecraft:set_components",
              "components": {
                "minecraft:custom_data": "{\"edible\":true, \"registeel\":true}",
                "minecraft:lore": [
                  "\"Right click to spawn Registeel\""
                ],
                "minecraft:food": {
                  "nutrition": 0,
                  "saturation": 0,
                  "can_always_eat": true,
                  "eat_seconds": 0.09
                },
                "minecraft:item_name": "{\"text\":\"Registeel Stone\",\"color\":\"gray\",\"bold\":true}"
              }
            }
          ]
        }
      ]
    }
  ]
}