{
  "pools": [
    {
      "rolls": {
        "min": 0,
        "max": 1
      },
      "entries": [
        {
          "type": "minecraft:item",
          "name": "cobblemon:zinc"
        },
        {
          "type": "minecraft:item",
          "name": "cobblemon:protein"
        },
        {
          "type": "minecraft:item",
          "name": "cobblemon:pp_up"
        },
        {
          "type": "minecraft:item",
          "name": "cobblemon:pp_max"
        },
        {
          "type": "minecraft:item",
          "name": "cobblemon:iron"
        },
        {
          "type": "minecraft:item",
          "name": "cobblemon:hp_up"
        },
        {
          "type": "minecraft:item",
          "name": "cobblemon:carbos"
        },
        {
          "type": "minecraft:item",
          "name": "cobblemon:calcium"
        }
      ]
    },
    {
      "rolls": {
        "min": 0,
        "max": 1
      },
      "entries": [
        {
          "type": "minecraft:item",
          "name": "cobblemon:super_potion"
        },
        {
          "type": "minecraft:item",
          "name": "cobblemon:potion"
        },
        {
          "type": "minecraft:item",
          "name": "cobblemon:max_potion"
        },
        {
          "type": "minecraft:item",
          "name": "cobblemon:hyper_potion"
        },
        {
          "type": "minecraft:item",
          "name": "cobblemon:full_restore"
        }
      ]
    },
    {
      "rolls": {
        "min": 0,
        "max": 1
      },
      "entries": [
        {
          "type": "minecraft:item",
          "name": "cobblemon:azure_ball",
          "weight": 1,
          "functions": [
            {
              "function": "minecraft:set_count",
              "count": {
                "min": 0,
                "max": 3
              }
            }
          ]
        },
        {
          "type": "minecraft:item",
          "name": "cobblemon:citrine_ball",
          "weight": 1,
          "functions": [
            {
              "function": "minecraft:set_count",
              "count": {
                "min": 0,
                "max": 3
              }
            }
          ]
        },
        {
          "type": "minecraft:item",
          "name": "cobblemon:heal_ball",
          "weight": 1,
          "functions": [
            {
              "function": "minecraft:set_count",
              "count": {
                "min": 0,
                "max": 3
              }
            }
          ]
        },
        {
          "type": "minecraft:item",
          "name": "cobblemon:premier_ball",
          "weight": 1,
          "functions": [
            {
              "function": "minecraft:set_count",
              "count": {
                "min": 0,
                "max": 3
              }
            }
          ]
        },
        {
          "type": "minecraft:item",
          "name": "cobblemon:roseate_ball",
          "weight": 1,
          "functions": [
            {
              "function": "minecraft:set_count",
              "count": {
                "min": 0,
                "max": 3
              }
            }
          ]
        },
        {
          "type": "minecraft:item",
          "name": "cobblemon:safari_ball",
          "weight": 1,
          "functions": [
            {
              "function": "minecraft:set_count",
              "count": {
                "min": 0,
                "max": 3
              }
            }
          ]
        },
        {
          "type": "minecraft:item",
          "name": "cobblemon:slate_ball",
          "weight": 1,
          "functions": [
            {
              "function": "minecraft:set_count",
              "count": {
                "min": 0,
                "max": 3
              }
            }
          ]
        },
        {
          "type": "minecraft:item",
          "name": "cobblemon:verdant_ball",
          "weight": 1,
          "functions": [
            {
              "function": "minecraft:set_count",
              "count": {
                "min": 0,
                "max": 3
              }
            }
          ]
        },
        {
          "type": "minecraft:item",
          "name": "cobblemon:poke_ball",
          "weight": 1,
          "functions": [
            {
              "function": "minecraft:set_count",
              "count": {
                "min": 0,
                "max": 3
              }
            }
          ]
        }
      ]
    },
    {
      "rolls": {
        "min": 0,
        "max": 1
      },
      "entries": [
        {
          "type": "minecraft:item",
          "name": "minecraft:gold_ingot",
          "weight": 1,
          "functions": [
            {
              "function": "minecraft:set_count",
              "count": {
                "min": 0,
                "max": 2
              }
            }
          ]
        },
        {
          "type": "minecraft:item",
          "name": "minecraft:gold_nugget",
          "weight": 2,
          "functions": [
            {
              "function": "minecraft:set_count",
              "count": {
                "min": 0,
                "max": 5
              }
            }
          ]
        },
        {
          "type": "minecraft:item",
          "name": "minecraft:iron_ingot",
          "weight": 1,
          "functions": [
            {
              "function": "minecraft:set_count",
              "count": {
                "min": 0,
                "max": 2
              }
            }
          ]
        },
        {
          "type": "minecraft:item",
          "name": "minecraft:iron_nugget",
          "weight": 2,
          "functions": [
            {
              "function": "minecraft:set_count",
              "count": {
                "min": 0,
                "max": 5
              }
            }
          ]
        }
      ]
    },
    {
      "rolls": {
        "min": 0,
        "max": 2
      },
      "entries": [
        {
          "type": "minecraft:item",
          "name": "minecraft:melon_seeds",
          "weight": 1,
          "functions": [
            {
              "function": "minecraft:set_count",
              "count": {
                "min": 0,
                "max": 5
              }
            }
          ]
        },
        {
          "type": "minecraft:item",
          "name": "minecraft:pumpkin_seeds",
          "weight": 1,
          "functions": [
            {
              "function": "minecraft:set_count",
              "count": {
                "min": 0,
                "max": 5
              }
            }
          ]
        },
        {
          "type": "minecraft:item",
          "name": "minecraft:salmon",
          "weight": 1,
          "functions": [
            {
              "function": "minecraft:set_count",
              "count": {
                "min": 0,
                "max": 3
              }
            }
          ]
        },
        {
          "type": "minecraft:item",
          "name": "minecraft:bread",
          "weight": 2,
          "functions": [
            {
              "function": "minecraft:set_count",
              "count": {
                "min": 0,
                "max": 5
              }
            }
          ]
        }
      ]
    }
  ]
}