{
  "portraitScale": 2.44,
  "portraitTranslation": [-0.11, 0.5, 0],
  "profileScale": 0.68,
  "profileTranslation": [0, 0.74, 0],
  "rootBone": "riolu",
  "animations": {
    "cry": "q.bedrock_stateful('riolu', 'cry')"
  },
  "poses": {
	 "battle-standing": {
      "poseTypes": ["STAND"],
      "isBattle": true,
      "animations": [
        "q.look('head')",
        "q.bedrock('riolu', 'battle_idle')"
      ],
      "quirks": ["q.bedrock_quirk('riolu', 'blink')"]
    },
    "standing": {
      "poseTypes": ["STAND", "FLOAT", "NONE", "PORTRAIT", "PROFILE"],
      "animations": [
        "q.look('head')",
        "q.bedrock('riolu', 'ground_idle')"
      ],
      "quirks": ["q.bedrock_quirk('riolu', 'blink')"]
    },
    "walking": {
      "poseTypes": ["WALK", "SWIM"],
      "isBattle": false,
      "animations": [
        "q.look('head')",
        "q.bedrock('riolu', 'ground_walk')"
      ],
      "quirks": ["q.bedrock_quirk('riolu', 'blink')"]
    }
  }
}
