{
    "name": "jcv:houses",
    "fallback": "minecraft:empty",
    "elements": [
      {
        "weight": 1,
        "element": {
          "element_type": "minecraft:single_pool_element",
          "projection": "rigid",
          "location": "jcv:houses/house1",
          "processors": "minecraft:empty",
          "override_liquid_settings": "ignore_waterlogging"
        }
      },
      {
        "weight": 1,
        "element": {
          "element_type": "minecraft:single_pool_element",
          "projection": "rigid",
          "location": "jcv:houses/house2",
          "processors": "minecraft:empty",
          "override_liquid_settings": "ignore_waterlogging"
        }
      },
      {
        "weight": 1,
        "element": {
          "element_type": "minecraft:single_pool_element",
          "projection": "rigid",
          "location": "jcv:houses/house3",
          "processors": "minecraft:empty",
          "override_liquid_settings": "ignore_waterlogging"
        }
      },
      {
        "weight": 1,
        "element": {
          "element_type": "minecraft:single_pool_element",
          "projection": "rigid",
          "location": "jcv:houses/house4",
          "processors": "minecraft:empty",
          "override_liquid_settings": "ignore_waterlogging"
        }
      },
      {
        "weight": 1,
        "element": {
          "element_type": "minecraft:single_pool_element",
          "projection": "rigid",
          "location": "jcv:houses/house5",
          "processors": "minecraft:empty",
          "override_liquid_settings": "ignore_waterlogging"
        }
      },
      {
        "weight": 1,
        "element": {
          "element_type": "minecraft:single_pool_element",
          "projection": "rigid",
          "location": "jcv:houses/house6",
          "processors": "minecraft:empty",
          "override_liquid_settings": "ignore_waterlogging"
        }
      }
    ]
  }