{
    "name": "jcv:paths",
    "fallback": "minecraft:empty",
    "elements": [
      {
        "weight": 2,
        "element": {
          "element_type": "minecraft:empty_pool_element"
        }
      },
      {
        "weight": 3,
        "element": {
          "element_type": "minecraft:single_pool_element",
          "projection": "terrain_matching",
          "location": "jcv:paths/straight",
          "processors": "minecraft:empty"
        }
      },
      {
        "weight": 1,
        "element": {
          "element_type": "minecraft:single_pool_element",
          "projection": "terrain_matching",
          "location": "jcv:paths/cross",
          "processors": "minecraft:empty"
        }
      },
      {
        "weight": 2,
        "element": {
          "element_type": "minecraft:single_pool_element",
          "projection": "terrain_matching",
          "location": "jcv:paths/curve",
          "processors": "minecraft:empty"
        }
      },
      {
        "weight": 2,
        "element": {
          "element_type": "minecraft:single_pool_element",
          "projection": "terrain_matching",
          "location": "jcv:paths/t",
          "processors": "minecraft:empty"
        }
      }
    ]
  }