{
    "fallback": "minecraft:empty",
    "elements": [
      {
        "weight": 1,
        "element": {
          "element_type": "lithostitched:guaranteed",
          "delegate": {
            "element_type": "minecraft:single_pool_element",
            "projection": "rigid",
            "location": "scs:gyms/kanto",
            "override_liquid_settings": "ignore_waterlogging",
            "processors": "minecraft:empty"
          },
          "count": 1,
          "min_depth": 0
        }
      }
    ]
  }