{
  "fallback": "minecraft:empty",
  "elements": [
    {
      "weight": 1,
      "element": {
        "element_type": "lithostitched:limited",
        "delegate": {
          "element_type": "minecraft:single_pool_element",
          "projection": "rigid",
          "location": "scs:houses/house1",
          "processors": "minecraft:empty"
        },
        "limit": 3
      }
    },
    {
      "weight": 1,
      "element": {
        "element_type": "lithostitched:limited",
        "delegate": {
          "element_type": "minecraft:single_pool_element",
          "projection": "rigid",
          "location": "scs:houses/house2",
          "processors": "minecraft:empty"
        },
        "limit": 2
      }
    },
    {
      "weight": 1,
      "element": {
        "element_type": "lithostitched:limited",
        "delegate": {
          "element_type": "minecraft:single_pool_element",
          "projection": "rigid",
          "location": "scs:houses/house3",
          "processors": "minecraft:empty"
        },
        "limit": 2
      }
    },
    {
      "weight": 1,
      "element": {
        "element_type": "lithostitched:limited",
        "delegate": {
          "element_type": "minecraft:single_pool_element",
          "projection": "rigid",
          "location": "scs:houses/house4",
          "processors": "minecraft:empty"
        },
        "limit": 2
      }
    },
    {
      "weight": 1,
      "element": {
        "element_type": "lithostitched:limited",
        "delegate": {
          "element_type": "minecraft:single_pool_element",
          "projection": "rigid",
          "location": "scs:houses/house5",
          "processors": "minecraft:empty"
        },
        "limit": 2
      }
    },
    {
      "weight": 1,
      "element": {
        "element_type": "lithostitched:limited",
        "delegate": {
          "element_type": "minecraft:single_pool_element",
          "projection": "rigid",
          "location": "scs:houses/house6",
          "processors": "minecraft:empty"
        },
        "limit": 1
      }
    }
  ]
}
