{ "values": [
    "minecraft:plains",
    "minecraft:flower_forest",
    "minecraft:taiga",
    "minecraft:meadow",
    {
        "id": "terralith:hot_shrubland",
        "required": false
    },
    {
        "id": "terralith:arid_highlands",
        "required": false
    },
    {
        "id": "terralith:birch_taiga",
        "required": false
    },
    {
        "id": "terralith:blooming_plateau",
        "required": false
    },
    {
        "id": "terralith:blooming_valley",
        "required": false
    },
    {
        "id": "terralith:brushland",
        "required": false
    },
    {
        "id": "terralith:cold_shrubland",
        "required": false
    },
    {
        "id": "terralith:forested_highlands",
        "required": false
    },
    {
        "id": "terralith:highlands",
        "required": false
    },
    {
        "id": "terralith:moonlight_valley",
        "required": false
    },
    {
        "id": "terralith:skylands",
        "required": false
    },
    {
        "id": "terralith:steppe",
        "required": false
    }
]}