{ "values": [
    "minecraft:taiga",
    "minecraft:tundra",
    {
        "id": "terralith:haze_mountain",
        "required": false
    },
    {
        "id": "terralith:highlands",
        "required": false
    },
    {
        "id": "terralith:mirage_isles",
        "required": false
    },
    {
        "id": "terralith:shield_clearing",
        "required": false
    },
    {
        "id": "terralith:shield",
        "required": false
    },
    {
        "id": "terralith:temperate_highlands",
        "required": false
    }
]}