{ "values": [
    "minecraft:frozen_peaks",
    "minecraft:snowy_slopes",
    "minecraft:snowy_mountains",
    "minecraft:stony_peaks",
    {
        "id": "terralith:cold_shrubland",
        "required": false
    },
    {
        "id": "terralith:emerald_peaks",
        "required": false
    },
    {
        "id": "terralith:frozen_cliffs",
        "required": false
    },
    {
        "id": "terralith:glacial_chasm",
        "required": false
    },
    {
        "id": "terralith:rocky_mountains",
        "required": false
    },
    {
        "id": "terralith:siberian_taiga",
        "required": false
    },
    {
        "id": "terralith:wintry_forest",
        "required": false
    }
]}